brand,model,top_speed_kmh,battery_capacity_kWh,battery_type,number_of_cells,torque_nm,efficiency_wh_per_km,range_km,acceleration_0_100_s,fast_charging_power_kw_dc,fast_charge_port,towing_capacity_kg,cargo_volume_l,seats,drivetrain,segment,length_mm,width_mm,height_mm,car_body_type,source_url
Abarth,500e Convertible,155,37.8,Lithium-ion,192,235,156,225,7.0,67,CCS,0,185,4,FWD,B - Compact,3673,1683,1518,Hatchback,https://ev-database.org/car/1904/Abarth-500e-Convertible
Abarth,500e Hatchback,155,37.8,Lithium-ion,192,235,149,225,7.0,67,CCS,0,185,4,FWD,B - Compact,3673,1683,1518,Hatchback,https://ev-database.org/car/1903/Abarth-500e-Hatchback
Abarth,600e Scorpionissima,200,50.8,Lithium-ion,102,345,158,280,5.9,79,CCS,0,360,5,FWD,JB - Compact,4187,1779,1557,SUV,https://ev-database.org/car/3057/Abarth-600e-Scorpionissima
Abarth,600e Turismo,200,50.8,Lithium-ion,102,345,158,280,6.2,79,CCS,0,360,5,FWD,JB - Compact,4187,1779,1557,SUV,https://ev-database.org/car/3056/Abarth-600e-Turismo
Audi,A6 Avant e-tron,210,75.8,Lithium-ion,150,435,146,465,6.0,150,CCS,2100,502,5,RWD,JE - Executive,4928,1923,1455,Station/Estate,https://ev-database.org/car/3055/Audi-A6-Avant-e-tron
Audi,A6 Avant e-tron performance,210,94.9,Lithium-ion,180,565,151,575,5.4,200,CCS,2100,502,5,RWD,JE - Executive,4928,1923,1455,Station/Estate,https://ev-database.org/car/2272/Audi-A6-Avant-e-tron-performance
Audi,A6 Avant e-tron quattro,210,94.9,Lithium-ion,180,855,157,560,4.5,200,CCS,2100,502,5,AWD,JE - Executive,4928,1923,1455,Station/Estate,https://ev-database.org/car/3054/Audi-A6-Avant-e-tron-quattro
Audi,A6 Sportback e-tron,210,75.8,Lithium-ion,150,435,136,495,6.0,150,CCS,2100,502,5,RWD,JE - Executive,4928,1923,1455,Liftback Sedan,https://ev-database.org/car/3053/Audi-A6-Sportback-e-tron
Audi,A6 Sportback e-tron performance,210,94.9,Lithium-ion,180,565,141,610,5.4,200,CCS,2100,502,5,RWD,JE - Executive,4928,1923,1455,Liftback Sedan,https://ev-database.org/car/2270/Audi-A6-Sportback-e-tron-performance
Audi,A6 Sportback e-tron quattro,210,94.9,Lithium-ion,180,855,147,590,4.7,200,CCS,2100,502,5,AWD,JE - Executive,4928,1923,1455,Liftback Sedan,https://ev-database.org/car/3052/Audi-A6-Sportback-e-tron-quattro
Audi,Q4 Sportback e-tron 40,160,59.0,Lithium-ion,216,310,156,340,8.1,110,CCS,1000,520,5,RWD,JC - Medium,4588,1865,1614,SUV,https://ev-database.org/car/3149/Audi-Q4-Sportback-e-tron-40
Audi,Q4 Sportback e-tron 45,180,77.0,Lithium-ion,288,545,162,435,6.7,120,CCS,1000,535,5,RWD,JC - Medium,4588,1865,1614,SUV,https://ev-database.org/car/2016/Audi-Q4-Sportback-e-tron-45
Audi,Q4 Sportback e-tron 45 quattro,180,77.0,Lithium-ion,288,679,165,410,6.6,120,CCS,1200,535,5,AWD,JC - Medium,4588,1865,1614,SUV,https://ev-database.org/car/2017/Audi-Q4-Sportback-e-tron-45-quattro
Audi,Q4 Sportback e-tron 55 quattro,180,77.0,Lithium-ion,288,679,165,415,5.4,120,CCS,1200,535,5,AWD,JC - Medium,4588,1865,1614,SUV,https://ev-database.org/car/2018/Audi-Q4-Sportback-e-tron-55-quattro
Audi,Q4 e-tron 40,160,59.0,Lithium-ion,216,310,159,325,8.1,110,CCS,1000,520,5,RWD,JC - Medium,4588,1865,1632,SUV,https://ev-database.org/car/3148/Audi-Q4-e-tron-40
Audi,Q4 e-tron 45,180,77.0,Lithium-ion,288,545,169,420,6.7,120,CCS,1000,520,5,RWD,JC - Medium,4588,1865,1632,SUV,https://ev-database.org/car/2013/Audi-Q4-e-tron-45
Audi,Q4 e-tron 45 quattro,180,77.0,Lithium-ion,288,679,171,395,6.6,120,CCS,1200,520,5,AWD,JC - Medium,4588,1865,1632,SUV,https://ev-database.org/car/2014/Audi-Q4-e-tron-45-quattro
Audi,Q4 e-tron 55 quattro,180,77.0,Lithium-ion,288,679,171,395,5.4,120,CCS,1200,520,5,AWD,JC - Medium,4588,1865,1632,SUV,https://ev-database.org/car/2015/Audi-Q4-e-tron-55-quattro
Audi,Q6 e-tron,210,75.8,Lithium-ion,150,450,166,395,7.0,150,CCS,2000,526,5,RWD,JD - Large,4771,1939,1685,SUV,https://ev-database.org/car/2281/Audi-Q6-e-tron
Audi,Q6 e-tron Sportback,210,75.8,Lithium-ion,150,450,139,410,7.0,150,CCS,2000,511,5,RWD,JD - Large,4771,1939,1665,SUV,https://ev-database.org/car/3041/Audi-Q6-e-tron-Sportback
Audi,Q6 e-tron Sportback performance,210,94.9,Lithium-ion,180,485,145,510,6.6,190,CCS,2000,511,5,RWD,JD - Large,4771,1939,1665,SUV,https://ev-database.org/car/3042/Audi-Q6-e-tron-Sportback-performance
Audi,Q6 e-tron Sportback quattro,210,94.9,Lithium-ion,180,855,149,500,5.9,200,CCS,2400,511,5,AWD,JD - Large,4771,1939,1665,SUV,https://ev-database.org/car/3043/Audi-Q6-e-tron-Sportback-quattro
Audi,Q6 e-tron performance,210,94.9,Lithium-ion,180,485,171,490,6.6,190,CCS,2000,526,5,RWD,JD - Large,4771,1939,1685,SUV,https://ev-database.org/car/2215/Audi-Q6-e-tron-performance
Audi,Q6 e-tron quattro,210,94.9,Lithium-ion,180,855,176,480,5.9,200,CCS,2400,10 Banana Boxes,5,AWD,JD - Large,4771,1939,1685,SUV,https://ev-database.org/car/2146/Audi-Q6-e-tron-quattro
Audi,S6 Avant e-tron,240,94.9,Lithium-ion,180,855,156,530,3.9,200,CCS,2100,502,5,AWD,JE - Executive,4928,1923,1493,Station/Estate,https://ev-database.org/car/2273/Audi-S6-Avant-e-tron
Audi,S6 Sportback e-tron,240,94.9,Lithium-ion,180,855,149,555,3.9,200,CCS,2100,502,5,AWD,JE - Executive,4928,1923,1465,Liftback Sedan,https://ev-database.org/car/2271/Audi-S6-Sportback-e-tron
Audi,SQ6 e-tron,230,94.9,Lithium-ion,180,855,169,470,4.3,200,CCS,2400,514,5,AWD,JD - Large,4771,1965,1685,SUV,https://ev-database.org/car/2147/Audi-SQ6-e-tron
Audi,SQ6 e-tron Sportback,230,94.9,Lithium-ion,180,855,164,495,4.3,200,CCS,2400,511,5,AWD,JD - Large,4771,1965,1665,SUV,https://ev-database.org/car/3044/Audi-SQ6-e-tron-Sportback
Audi,e-tron GT RS,250,97.0,Lithium-ion,396,865,184,525,2.8,281,CCS,0,350,4,AWD,F - Luxury,4997,1964,1389,Sedan,https://ev-database.org/car/2220/Audi-e-tron-GT-RS
Audi,e-tron GT RS performance,250,97.0,Lithium-ion,396,1027,182,525,2.5,281,CCS,0,350,4,AWD,F - Luxury,4997,1964,1389,Sedan,https://ev-database.org/car/2221/Audi-e-tron-GT-RS-performance
Audi,e-tron GT S,245,97.0,Lithium-ion,396,740,172,540,3.4,281,CCS,0,405,4,AWD,F - Luxury,5004,1964,1394,Sedan,https://ev-database.org/car/2219/Audi-e-tron-GT-S
Audi,e-tron GT quattro,245,97.0,Lithium-ion,396,625,169,540,4.0,281,CCS,0,405,4,AWD,F - Luxury,5004,1964,1394,Sedan,https://ev-database.org/car/3182/Audi-e-tron-GT-quattro
BMW,i4 M50,225,81.3,Lithium-ion,,795,197,450,3.9,131,CCS,1600,470,5,AWD,D - Large,4783,1852,1448,Liftback Sedan,https://ev-database.org/car/2201/BMW-i4-M50
BMW,i4 eDrive35,190,67.1,Lithium-ion,,400,174,430,6.0,95,CCS,1600,470,5,RWD,D - Large,4783,1852,1448,Liftback Sedan,https://ev-database.org/car/2198/BMW-i4-eDrive35
BMW,i4 eDrive40,190,81.3,Lithium-ion,,430,174,515,5.6,131,CCS,1600,470,5,RWD,D - Large,4783,1852,1448,Liftback Sedan,https://ev-database.org/car/2199/BMW-i4-eDrive40
BMW,i4 xDrive40,200,81.3,Lithium-ion,,600,183,490,5.1,131,CCS,1600,470,5,AWD,D - Large,4783,1852,1448,Liftback Sedan,https://ev-database.org/car/2200/BMW-i4-xDrive40
BMW,i5 M60 xDrive Sedan (MY25),230,81.2,Lithium-ion,,795,172,430,3.8,136,CCS,2000,490,5,AWD,E - Executive,5060,1900,1505,Sedan,https://ev-database.org/car/3114/BMW-i5-M60-xDrive-Sedan
BMW,i5 M60 xDrive Touring (MY25),230,81.2,Lithium-ion,,795,179,425,3.9,136,CCS,2000,570,5,AWD,E - Executive,5060,1900,1505,Station/Estate,https://ev-database.org/car/3117/BMW-i5-M60-xDrive-Touring
BMW,i5 eDrive40 Sedan (MY25),193,81.2,Lithium-ion,,400,159,480,6.0,136,CCS,1500,490,5,RWD,E - Executive,5060,1900,1515,Sedan,https://ev-database.org/car/3112/BMW-i5-eDrive40-Sedan
BMW,i5 eDrive40 Touring (MY25),193,81.2,Lithium-ion,,400,165,465,6.1,136,CCS,1500,570,5,RWD,E - Executive,5060,1900,1515,Station/Estate,https://ev-database.org/car/3115/BMW-i5-eDrive40-Touring
BMW,i5 xDrive40 Sedan (MY25),215,81.2,Lithium-ion,,590,167,465,5.4,136,CCS,2000,490,5,AWD,E - Executive,5060,1900,1515,Sedan,https://ev-database.org/car/3113/BMW-i5-xDrive40-Sedan
BMW,i5 xDrive40 Touring (MY25),215,81.2,Lithium-ion,,590,174,450,5.5,136,CCS,2000,570,5,AWD,E - Executive,5060,1900,1515,Station/Estate,https://ev-database.org/car/3116/BMW-i5-xDrive40-Touring
BMW,i7 M70 xDrive,250,101.7,Lithium-ion,,1100,208,490,3.7,159,CCS,0,500,5,AWD,F - Luxury,5391,1950,1544,Sedan,https://ev-database.org/car/1838/BMW-i7-M70-xDrive
BMW,i7 eDrive50,205,101.7,Lithium-ion,,650,177,520,5.5,159,CCS,0,500,5,RWD,F - Luxury,5391,1950,1544,Sedan,https://ev-database.org/car/1905/BMW-i7-eDrive50
BMW,i7 xDrive60,240,101.7,Lithium-ion,,745,172,510,4.7,159,CCS,2000,500,5,AWD,F - Luxury,5391,1950,1544,Sedan,https://ev-database.org/car/1676/BMW-i7-xDrive60
BMW,iX M70 xDrive,250,108.9,Lithium-ion,,1015,209,500,3.8,150,CCS,2500,500,5,AWD,JE - Executive,4965,1970,1695,SUV,https://ev-database.org/car/3111/BMW-iX-M70-xDrive
BMW,iX xDrive45,200,94.8,Lithium-ion,,700,193,470,5.1,115,CCS,2500,500,5,AWD,JE - Executive,4965,1970,1695,SUV,https://ev-database.org/car/3109/BMW-iX-xDrive45
BMW,iX xDrive60,200,109.1,Lithium-ion,,765,194,525,4.6,150,CCS,2500,500,5,AWD,JE - Executive,4965,1970,1695,SUV,https://ev-database.org/car/3110/BMW-iX-xDrive60
BMW,iX1 eDrive20,170,64.7,Lithium-ion,,247,150,390,8.3,94,CCS,750,490,5,FWD,JC - Medium,4500,1845,1616,SUV,https://ev-database.org/car/1996/BMW-iX1-eDrive20
BMW,iX1 xDrive30,180,64.7,Lithium-ion,,494,155,380,5.6,94,CCS,1200,490,5,AWD,JC - Medium,4500,1845,1616,SUV,https://ev-database.org/car/1701/BMW-iX1-xDrive30
BMW,iX2 eDrive20,170,64.7,Lithium-ion,,247,147,395,8.6,94,CCS,750,525,5,FWD,JC - Medium,4554,1845,1560,SUV,https://ev-database.org/car/2097/BMW-iX2-eDrive20
BMW,iX2 xDrive30,180,64.7,Lithium-ion,,494,155,385,5.6,94,CCS,1200,525,5,AWD,JC - Medium,4554,1845,1560,SUV,https://ev-database.org/car/2040/BMW-iX2-xDrive30
BYD,ATTO 2,160,45.1,Lithium-ion,,290,145,245,7.9,51,CCS,750,400,5,FWD,JB - Compact,4310,1830,1675,SUV,https://ev-database.org/car/3125/BYD-ATTO-2
BYD,ATTO 3 (MY25),160,60.5,Lithium-ion,126,310,144,340,7.3,75,CCS,750,440,5,FWD,JC - Medium,4455,1875,1615,SUV,https://ev-database.org/car/3192/BYD-ATTO-3
BYD,DOLPHIN 44.9 kWh Active,150,44.9,Lithium-ion,104,180,132,265,12.3,50,CCS,0,345,5,FWD,C - Medium,4290,1770,1570,Hatchback,https://ev-database.org/car/1917/BYD-DOLPHIN-449-kWh-Active
BYD,DOLPHIN 44.9 kWh Boost,160,44.9,Lithium-ion,104,,145,260,8.0,50,CCS,0,345,5,FWD,C - Medium,4290,1770,1570,Hatchback,https://ev-database.org/car/1918/BYD-DOLPHIN-449-kWh-Boost
BYD,DOLPHIN 60.4 kWh,160,60.5,Lithium-ion,126,310,142,350,7.0,65,CCS,0,345,5,FWD,C - Medium,4290,1770,1570,Hatchback,https://ev-database.org/car/1919/BYD-DOLPHIN-604-kWh
BYD,DOLPHIN SURF 30 kWh Active,150,30.0,Lithium-ion,94,175,136,190,11.1,45,CCS,0,308,4,FWD,B - Compact,3990,1720,1590,Hatchback,https://ev-database.org/car/3193/BYD-DOLPHIN-SURF-30-kWh-Active
BYD,DOLPHIN SURF 43.2 kWh Boost,150,43.2,Lithium-ion,90,175,134,270,12.1,60,CCS,0,308,4,FWD,B - Compact,3990,1720,1590,Hatchback,https://ev-database.org/car/3194/BYD-DOLPHIN-SURF-432-kWh-Boost
BYD,DOLPHIN SURF 43.2 kWh Comfort,150,43.2,Lithium-ion,90,220,139,265,9.1,60,CCS,0,308,4,FWD,B - Compact,3990,1720,1590,Hatchback,https://ev-database.org/car/3195/BYD-DOLPHIN-SURF-432-kWh-Comfort
BYD,SEAL 61.4 kWh RWD Comfort,220,61.4,Lithium-ion,128,380,133,365,7.5,75,CCS,750,400,5,RWD,D - Large,4800,1875,1460,Sedan,https://ev-database.org/car/3102/BYD-SEAL-614-kWh-RWD-Comfort
BYD,SEAL 82.5 kWh AWD Excellence,180,82.5,Lithium-ion,172,670,159,445,3.8,100,CCS,1500,400,5,AWD,D - Large,4800,1875,1460,Sedan,https://ev-database.org/car/2002/BYD-SEAL-825-kWh-AWD-Excellence
BYD,SEAL 82.5 kWh RWD Design,180,82.5,Lithium-ion,172,360,145,480,5.9,100,CCS,750,400,5,RWD,D - Large,4800,1875,1460,Sedan,https://ev-database.org/car/2001/BYD-SEAL-825-kWh-RWD-Design
BYD,SEAL U 71.8 kWh Comfort,175,71.8,Lithium-ion,132,310,171,360,9.3,72,CCS,1300,552,5,FWD,JD - Large,4785,1890,1668,SUV,https://ev-database.org/car/2094/BYD-SEAL-U-718-kWh-Comfort
BYD,SEAL U 87 kWh Design,175,87.0,Lithium-ion,160,330,174,425,9.6,85,CCS,1300,552,5,FWD,JD - Large,4785,1890,1668,SUV,https://ev-database.org/car/2067/BYD-SEAL-U-87-kWh-Design
BYD,SEALION 7 82.5 kWh AWD Design,215,82.5,Lithium-ion,172,690,181,400,4.5,115,CCS,1500,520,5,AWD,JD - Large,4830,1925,1620,SUV,https://ev-database.org/car/3071/BYD-SEALION-7-825-kWh-AWD-Design
BYD,SEALION 7 82.5 kWh RWD Comfort,215,82.5,Lithium-ion,172,380,171,415,6.7,115,CCS,750,520,5,RWD,JD - Large,4830,1925,1620,SUV,https://ev-database.org/car/3070/BYD-SEALION-7-825-kWh-RWD-Comfort
BYD,SEALION 7 91.3 kWh AWD Excellence,215,91.3,Lithium-ion,,690,182,430,4.5,165,CCS,1500,520,5,AWD,JD - Large,4830,1925,1620,SUV,https://ev-database.org/car/3072/BYD-SEALION-7-913-kWh-AWD-Excellence
BYD,TANG Flagship,190,108.8,Lithium-ion,,700,205,460,4.9,100,CCS,1500,235,7,AWD,JE - Executive,4970,1955,1745,SUV,https://ev-database.org/car/2095/BYD-TANG-Flagship
CUPRA,Born 170 kW - 59 kWh,160,59.0,Lithium-ion,216,310,156,360,6.7,110,CCS,0,385,5,RWD,C - Medium,4322,1809,1540,Hatchback,https://ev-database.org/car/2233/CUPRA-Born-170-kW---59-kWh
CUPRA,Born 170 kW - 77 kWh,160,77.0,Lithium-ion,288,310,157,460,7.0,125,CCS,0,385,5,RWD,C - Medium,4322,1809,1540,Hatchback,https://ev-database.org/car/2234/CUPRA-Born-170-kW---77-kWh
CUPRA,Born VZ,200,79.0,Lithium-ion,288,545,149,465,5.6,135,CCS,0,385,5,RWD,C - Medium,4322,1809,1538,Hatchback,https://ev-database.org/car/2128/CUPRA-Born-VZ
CUPRA,Tavascan Endurance,180,77.0,Lithium-ion,288,545,142,445,6.8,120,CCS,1000,540,5,RWD,JC - Medium,4644,1861,1597,SUV,https://ev-database.org/car/1971/CUPRA-Tavascan-Endurance
CUPRA,Tavascan VZ,180,77.0,Lithium-ion,288,545,150,425,5.5,120,CCS,1200,540,5,AWD,JC - Medium,4644,1861,1597,SUV,https://ev-database.org/car/1972/CUPRA-Tavascan-VZ
Citroen,e-Berlingo M 50 kWh,132,50.0,Lithium-ion,,260,149,235,11.7,80,CCS,750,775,5,FWD,N - Passenger Van,4403,1921,1803,Small Passenger Van,https://ev-database.org/car/2159/Citroen-e-Berlingo-M-50-kWh
Citroen,e-Berlingo XL 50 kWh,132,50.0,Lithium-ion,,260,149,230,11.7,80,CCS,750,1050,7,FWD,N - Passenger Van,4753,1921,1814,Small Passenger Van,https://ev-database.org/car/2160/Citroen-e-Berlingo-XL-50-kWh
Citroen,e-C3,135,44.0,Lithium-ion,,120,135,255,11.5,60,CCS,550,310,5,FWD,B - Compact,4015,1755,1577,Hatchback,https://ev-database.org/car/2039/Citroen-e-C3
Citroen,e-C3 Aircross,145,44.0,Lithium-ion,,125,144,240,12.9,60,CCS,350,460,5,FWD,JB - Compact,4395,1795,1660,SUV,https://ev-database.org/car/2224/Citroen-e-C3-Aircross
Citroen,e-C4,150,46.3,Lithium-ion,216,260,135,285,9.9,78,CCS,0,380,5,FWD,C - Medium,4360,1834,1525,Hatchback,https://ev-database.org/car/3047/Citroen-e-C4
Citroen,e-C4 54 kWh,150,50.8,Lithium-ion,102,260,122,325,9.1,78,CCS,0,380,5,FWD,C - Medium,4360,1834,1525,Hatchback,https://ev-database.org/car/3048/Citroen-e-C4-54-kWh
Citroen,e-C4 X,150,46.3,Lithium-ion,216,260,132,290,9.9,78,CCS,0,510,5,FWD,C - Medium,4600,1834,1525,Sedan,https://ev-database.org/car/3049/Citroen-e-C4-X
Citroen,e-C4 X 54 kWh,150,50.8,Lithium-ion,102,260,119,335,9.1,78,CCS,0,510,5,FWD,C - Medium,4600,1834,1525,Sedan,https://ev-database.org/car/3050/Citroen-e-C4-X-54-kWh
Citroen,e-SpaceTourer M 50 kWh,130,46.3,Lithium-ion,216,220,217,180,13.3,78,CCS,1000,603,9,FWD,N - Passenger Van,4983,1920,1890,Small Passenger Van,https://ev-database.org/car/2252/Citroen-e-SpaceTourer-M-50-kWh
Citroen,e-SpaceTourer M 75 kWh,130,68.0,Lithium-ion,324,220,202,260,14.2,79,CCS,1000,603,9,FWD,N - Passenger Van,4983,1920,1890,Small Passenger Van,https://ev-database.org/car/2254/Citroen-e-SpaceTourer-M-75-kWh
Citroen,e-SpaceTourer XL 50 kWh,130,46.3,Lithium-ion,216,220,219,180,13.3,78,CCS,1000,989,9,FWD,N - Passenger Van,5333,1920,1890,Small Passenger Van,https://ev-database.org/car/2253/Citroen-e-SpaceTourer-XL-50-kWh
Citroen,e-SpaceTourer XL 75 kWh,130,68.0,Lithium-ion,324,220,204,260,14.2,79,CCS,1000,989,9,FWD,N - Passenger Van,5333,1920,1890,Small Passenger Van,https://ev-database.org/car/2255/Citroen-e-SpaceTourer-XL-75-kWh
DS,3 E-Tense,150,50.8,Lithium-ion,102,260,128,300,9.0,85,CCS,0,350,5,FWD,JB - Compact,4118,1802,1534,SUV,https://ev-database.org/car/1791/DS-3-E-Tense
DS,N째4 E-Tense,160,58.3,Lithium-ion,,345,130,375,7.1,70,CCS,0,390,5,FWD,JC - Medium,4400,1866,1470,Hatchback,https://ev-database.org/car/3200/DS-N4-E-Tense
DS,N째8 AWD Long Range,190,97.2,Lithium-ion,,511,146,530,5.4,130,CCS,1400,620,5,AWD,JD - Large,4834,1920,1574,SUV,https://ev-database.org/car/3078/DS-N8-AWD-Long-Range
DS,N째8 FWD,190,73.7,Lithium-ion,,345,141,415,7.7,100,CCS,1260,620,5,FWD,JD - Large,4834,1920,1574,SUV,https://ev-database.org/car/3076/DS-N8-FWD
DS,N째8 FWD Long Range,190,97.2,Lithium-ion,,345,136,545,7.8,130,CCS,1200,620,5,FWD,JD - Large,4834,1920,1574,SUV,https://ev-database.org/car/3077/DS-N8-FWD-Long-Range
Fiat,500e 3+1 24 kWh,135,21.3,Lithium-ion,108,220,112,135,9.0,40,CCS,0,185,4,FWD,B - Compact,3631,1683,1529,Hatchback,https://ev-database.org/car/1726/Fiat-500e-3plus1-24-kWh
Fiat,500e 3+1 42 kWh,150,37.3,Lithium-ion,192,220,122,235,9.0,67,CCS,0,185,4,FWD,B - Compact,3631,1683,1529,Hatchback,https://ev-database.org/car/1328/Fiat-500e-3plus1-42-kWh
Fiat,500e Cabrio 24 kWh,135,21.3,Lithium-ion,108,220,112,135,9.0,40,CCS,0,185,4,FWD,B - Compact,3631,1683,1529,Cabriolet,https://ev-database.org/car/1727/Fiat-500e-Cabrio-24-kWh
Fiat,500e Cabrio 42 kWh,150,37.3,Lithium-ion,192,220,125,230,9.0,67,CCS,0,185,4,FWD,B - Compact,3631,1683,1529,Cabriolet,https://ev-database.org/car/1275/Fiat-500e-Cabrio-42-kWh
Fiat,500e Hatchback 24 kWh,135,21.3,Lithium-ion,108,220,112,135,9.0,40,CCS,0,185,4,FWD,B - Compact,3631,1683,1529,Hatchback,https://ev-database.org/car/1327/Fiat-500e-Hatchback-24-kWh
Fiat,500e Hatchback 42 kWh,150,37.3,Lithium-ion,192,220,118,235,9.0,67,CCS,0,185,4,FWD,B - Compact,3631,1683,1529,Hatchback,https://ev-database.org/car/1285/Fiat-500e-Hatchback-42-kWh
Fiat,600e,150,50.8,Lithium-ion,102,260,124,310,9.0,79,CCS,0,360,5,FWD,JB - Compact,4171,1781,1523,SUV,https://ev-database.org/car/1945/Fiat-600e
Fiat,Grande Panda,132,43.8,Lithium-ion,,122,136,260,11.0,60,CCS,550,361,5,FWD,B - Compact,3999,1763,1570,Hatchback,https://ev-database.org/car/2251/Fiat-Grande-Panda
Ford,Capri Extended Range AWD,180,79.0,Lithium-ion,288,679,148,455,5.3,135,CCS,1200,572,5,AWD,D - Large,4643,1872,1626,Liftback Sedan,https://ev-database.org/car/2242/Ford-Capri-Extended-Range-AWD
Ford,Capri Extended Range RWD,180,77.0,Lithium-ion,288,545,135,455,6.4,120,CCS,1000,572,5,RWD,D - Large,4643,1872,1626,Liftback Sedan,https://ev-database.org/car/2241/Ford-Capri-Extended-Range-RWD
Ford,Capri Standard Range RWD,160,52.0,Lithium-ion,192,310,163,320,9.0,85,CCS,1000,572,5,RWD,D - Large,4643,1872,1626,Liftback Sedan,https://ev-database.org/car/2240/Ford-Capri-Standard-Range-RWD
Ford,Explorer Extended Range AWD,180,79.0,Lithium-ion,288,679,153,440,5.3,135,CCS,1200,536,5,AWD,JC - Medium,4468,1871,1639,SUV,https://ev-database.org/car/2169/Ford-Explorer-Extended-Range-AWD
Ford,Explorer Extended Range RWD,180,77.0,Lithium-ion,288,545,139,435,6.4,120,CCS,1000,536,5,RWD,JC - Medium,4468,1871,1630,SUV,https://ev-database.org/car/2168/Ford-Explorer-Extended-Range-RWD
Ford,Explorer Standard Range RWD,160,52.0,Lithium-ion,192,310,137,305,8.7,85,CCS,1000,536,5,RWD,JC - Medium,4468,1871,1630,SUV,https://ev-database.org/car/2167/Ford-Explorer-Standard-Range-RWD
Ford,Mustang Mach-E ER AWD (MY25),180,88.0,Lithium-ion,,675,160,435,4.8,105,CCS,1500,519,5,AWD,JD - Large,4713,1881,1624,SUV,https://ev-database.org/car/3189/Ford-Mustang-Mach-E-ER-AWD
Ford,Mustang Mach-E ER AWD (MY24),180,91.0,Lithium-ion,376,675,165,445,4.6,115,CCS,1500,519,5,AWD,JD - Large,4713,1881,1624,SUV,https://ev-database.org/car/2279/Ford-Mustang-Mach-E-ER-AWD
Ford,Mustang Mach-E ER RWD (MY25),180,88.0,Lithium-ion,,525,147,475,6.1,105,CCS,1500,519,5,RWD,JD - Large,4713,1881,1624,SUV,https://ev-database.org/car/3188/Ford-Mustang-Mach-E-ER-RWD
Ford,Mustang Mach-E ER RWD (MY24),180,91.0,Lithium-ion,376,525,152,480,5.9,115,CCS,1500,519,5,RWD,JD - Large,4713,1881,1624,SUV,https://ev-database.org/car/2278/Ford-Mustang-Mach-E-ER-RWD
Ford,Mustang Mach-E GT (MY24),200,91.0,Lithium-ion,376,950,177,425,3.8,115,CCS,750,519,5,AWD,JD - Large,4743,1881,1613,SUV,https://ev-database.org/car/2280/Ford-Mustang-Mach-E-GT
Ford,Mustang Mach-E GT (MY25),200,91.0,Lithium-ion,376,950,177,435,3.8,115,CCS,750,519,5,AWD,JD - Large,4743,1881,1613,SUV,https://ev-database.org/car/3190/Ford-Mustang-Mach-E-GT
Ford,Mustang Mach-E Rally (MY25),200,91.0,Lithium-ion,376,950,178,415,3.9,115,CCS,750,519,5,AWD,JD - Large,4743,1881,1633,SUV,https://ev-database.org/car/3191/Ford-Mustang-Mach-E-Rally
Ford,Mustang Mach-E Rally (MY24),200,91.0,Lithium-ion,376,950,178,410,3.9,115,CCS,750,519,5,AWD,JD - Large,4743,1881,1633,SUV,https://ev-database.org/car/2275/Ford-Mustang-Mach-E-Rally
Ford,Mustang Mach-E SR RWD (MY24),180,72.6,Lithium-ion,,525,154,385,6.2,100,CCS,750,519,5,RWD,JD - Large,4713,1881,1624,SUV,https://ev-database.org/car/2277/Ford-Mustang-Mach-E-SR-RWD
Ford,Mustang Mach-E SR RWD (MY25),180,72.6,Lithium-ion,,525,154,380,6.2,100,CCS,750,519,5,RWD,JD - Large,4713,1881,1624,SUV,https://ev-database.org/car/3187/Ford-Mustang-Mach-E-SR-RWD
Ford,Puma Gen-E,160,43.6,Lithium-ion,,290,126,275,8.0,85,CCS,750,523,5,FWD,JB - Compact,4214,1805,1555,SUV,https://ev-database.org/car/3073/Ford-Puma-Gen-E
Ford,e-Tourneo Courier,145,43.6,Lithium-ion,,290,164,200,11.0,80,CCS,750,,5,FWD,N - Passenger Van,4337,1876,1817,Small Passenger Van,https://ev-database.org/car/3166/Ford-e-Tourneo-Courier
Ford,e-Tourneo Custom L1 160 kW,130,64.0,Lithium-ion,,415,370,235,9.0,70,CCS,2000,672,8,RWD,N - Passenger Van,5050,1999,1959,Small Passenger Van,https://ev-database.org/car/3162/Ford-e-Tourneo-Custom-L1-160-kW
Ford,e-Tourneo Custom L1 210 kW,130,64.0,Lithium-ion,,415,370,235,8.0,70,CCS,2000,672,8,RWD,N - Passenger Van,5050,1999,1959,Small Passenger Van,https://ev-database.org/car/3163/Ford-e-Tourneo-Custom-L1-210-kW
Ford,e-Tourneo Custom L2 160 kW,150,64.0,Lithium-ion,,415,370,235,9.0,70,CCS,2000,672,8,RWD,N - Passenger Van,5908,1999,1959,Small Passenger Van,https://ev-database.org/car/3164/Ford-e-Tourneo-Custom-L2-160-kW
Ford,e-Tourneo Custom L2 210 kW,150,64.0,Lithium-ion,,415,370,235,8.0,70,CCS,2000,672,8,RWD,N - Passenger Van,5908,1999,1959,Small Passenger Van,https://ev-database.org/car/3165/Ford-e-Tourneo-Custom-L2-210-kW
GWM,ORA 03 48 kWh,160,45.4,Lithium-ion,,250,146,260,8.3,45,CCS,0,228,5,FWD,C - Medium,4235,1825,1603,Hatchback,https://ev-database.org/car/2091/GWM-ORA-03-48-kWh
GWM,ORA 03 63 kWh,160,59.3,Lithium-ion,,250,141,340,8.2,56,CCS,0,228,5,FWD,C - Medium,4235,1825,1603,Hatchback,https://ev-database.org/car/2092/GWM-ORA-03-63-kWh
GWM,ORA 03 GT,160,59.3,Lithium-ion,,250,148,325,8.2,56,CCS,0,228,5,FWD,C - Medium,4254,1848,1603,Hatchback,https://ev-database.org/car/2093/GWM-ORA-03-GT
GWM,ORA 07 GT,180,83.5,Lithium-ion,,680,161,430,4.5,80,CCS,0,333,5,AWD,D - Large,4871,1862,1500,Sedan,https://ev-database.org/car/2247/GWM-ORA-07-GT
GWM,ORA 07 Pro,170,64.3,Lithium-ion,,340,146,350,8.2,75,CCS,0,333,5,FWD,D - Large,4871,1862,1500,Sedan,https://ev-database.org/car/2246/GWM-ORA-07-Pro
GWM,ORA 07 Pure,170,64.3,Lithium-ion,,340,146,350,8.2,75,CCS,0,333,5,FWD,D - Large,4871,1862,1500,Sedan,https://ev-database.org/car/2245/GWM-ORA-07-Pure
Genesis,G80 Electrified Luxury,225,82.5,Lithium-ion,,700,159,440,4.9,160,CCS,,354,5,AWD,F - Luxury,5005,1925,1470,Sedan,https://ev-database.org/car/1703/Genesis-G80-Electrified-Luxury
Genesis,GV60 Premium,185,74.0,Lithium-ion,384,350,143,390,7.8,200,CCS,1600,432,5,RWD,JC - Medium,4515,1890,1580,SUV,https://ev-database.org/car/1647/Genesis-GV60-Premium
Genesis,GV60 Sport,200,74.0,Lithium-ion,384,605,157,375,5.5,200,CCS,1600,432,5,AWD,JC - Medium,4515,1890,1580,SUV,https://ev-database.org/car/1648/Genesis-GV60-Sport
Genesis,GV60 Sport Plus,235,74.0,Lithium-ion,384,700,159,360,4.0,200,CCS,1600,432,5,AWD,JC - Medium,4515,1890,1580,SUV,https://ev-database.org/car/1649/Genesis-GV60-Sport-Plus
Genesis,GV70 Electrified Sport,235,74.0,Lithium-ion,384,700,163,350,4.2,190,CCS,1800,503,5,AWD,JD - Large,4715,1910,1630,SUV,https://ev-database.org/car/1725/Genesis-GV70-Electrified-Sport
Hyundai,INSTER Long Range,150,46.0,Lithium-ion,,147,124,300,10.6,70,CCS,,280,4,FWD,JA - Mini,3825,1610,1575,SUV,https://ev-database.org/car/2231/Hyundai-INSTER-Long-Range
Hyundai,INSTER Standard Range,140,39.0,Lithium-ion,,147,119,255,11.7,60,CCS,,280,4,FWD,JA - Mini,3825,1610,1575,SUV,https://ev-database.org/car/2230/Hyundai-INSTER-Standard-Range
Hyundai,IONIQ 5 63 kWh RWD (MY24),185,60.0,Lithium-ion,288,350,136,345,8.5,150,CCS,750,520,5,RWD,JC - Medium,4655,1890,1605,SUV,https://ev-database.org/car/2235/Hyundai-IONIQ-5-63-kWh-RWD
Hyundai,IONIQ 5 84 kWh AWD (MY24),185,80.0,Lithium-ion,384,605,162,445,5.3,205,CCS,1600,520,5,AWD,JC - Medium,4655,1890,1605,SUV,https://ev-database.org/car/2237/Hyundai-IONIQ-5-84-kWh-AWD
Hyundai,IONIQ 5 84 kWh RWD (MY24),185,80.0,Lithium-ion,384,350,155,450,7.5,205,CCS,1600,520,5,RWD,JC - Medium,4655,1890,1605,SUV,https://ev-database.org/car/2236/Hyundai-IONIQ-5-84-kWh-RWD
Hyundai,IONIQ 5 N (MY24),260,80.0,Lithium-ion,384,740,179,390,3.4,205,CCS,0,480,5,AWD,JC - Medium,4715,1940,1585,SUV,https://ev-database.org/car/2044/Hyundai-IONIQ-5-N
Hyundai,IONIQ 6 Long Range 2WD,185,74.0,Lithium-ion,384,350,136,495,7.4,200,CCS,1500,401,5,RWD,D - Large,4855,1880,1495,Sedan,https://ev-database.org/car/1718/Hyundai-IONIQ-6-Long-Range-2WD
Hyundai,IONIQ 6 Long Range AWD,185,74.0,Lithium-ion,384,605,143,440,5.1,200,CCS,1500,401,5,AWD,D - Large,4855,1880,1495,Sedan,https://ev-database.org/car/1719/Hyundai-IONIQ-6-Long-Range-AWD
Hyundai,IONIQ 6 Standard Range 2WD,185,50.0,Lithium-ion,264,350,117,335,8.8,120,CCS,750,401,5,RWD,D - Large,4855,1880,1495,Sedan,https://ev-database.org/car/1717/Hyundai-IONIQ-6-Standard-Range-2WD
Hyundai,IONIQ 9 Long Range AWD,200,106.0,Lithium-ion,,605,177,490,6.7,195,CCS,2500,338,7,AWD,JF - Luxury,5060,1980,1790,SUV,https://ev-database.org/car/3068/Hyundai-IONIQ-9-Long-Range-AWD
Hyundai,IONIQ 9 Long Range RWD,185,106.0,Lithium-ion,,350,171,500,9.4,195,CCS,1600,338,7,RWD,JF - Luxury,5060,1980,1790,SUV,https://ev-database.org/car/3067/Hyundai-IONIQ-9-Long-Range-RWD
Hyundai,IONIQ 9 Performance AWD,200,106.0,Lithium-ion,,700,177,480,5.2,195,CCS,2500,338,7,AWD,JF - Luxury,5060,1980,1790,SUV,https://ev-database.org/car/3069/Hyundai-IONIQ-9-Performance-AWD
Hyundai,Kona Electric 48 kWh,160,48.4,Lithium-ion,,255,128,295,8.8,50,CCS,300,466,5,FWD,JB - Compact,4355,1825,1575,SUV,https://ev-database.org/car/1829/Hyundai-Kona-Electric-48-kWh
Hyundai,Kona Electric 65 kWh,170,65.4,Lithium-ion,,255,144,390,7.8,86,CCS,750,466,5,FWD,JB - Compact,4355,1825,1575,SUV,https://ev-database.org/car/1830/Hyundai-Kona-Electric-65-kWh
Kia,EV3 Long Range,170,78.0,Lithium-ion,,283,139,455,7.7,105,CCS,1000,460,5,FWD,JB - Compact,4300,1850,1560,SUV,https://ev-database.org/car/2212/Kia-EV3-Long-Range
Kia,EV3 Standard Range,170,55.0,Lithium-ion,,283,133,325,7.5,80,CCS,300,460,5,FWD,JB - Compact,4300,1850,1560,SUV,https://ev-database.org/car/2211/Kia-EV3-Standard-Range
Kia,EV4 Hatchback Long Range,170,78.0,Lithium-ion,,283,132,475,7.7,105,CCS,,435,5,FWD,C - Medium,4430,1860,1485,Hatchback,https://ev-database.org/car/3124/Kia-EV4-Hatchback-Long-Range
Kia,EV4 Hatchback Standard Range,170,55.0,Lithium-ion,,283,134,340,7.4,80,CCS,,435,5,FWD,C - Medium,4430,1860,1485,Hatchback,https://ev-database.org/car/3123/Kia-EV4-Hatchback-Standard-Range
Kia,EV4 Sedan Long Range,170,78.0,Lithium-ion,,283,124,495,7.7,105,CCS,,490,5,FWD,C - Medium,4730,1860,1480,Sedan,https://ev-database.org/car/3122/Kia-EV4-Sedan-Long-Range
Kia,EV4 Sedan Standard Range,170,55.0,Lithium-ion,,283,128,355,7.4,80,CCS,,490,5,FWD,C - Medium,4730,1860,1480,Sedan,https://ev-database.org/car/3121/Kia-EV4-Sedan-Standard-Range
Kia,EV6 GT,260,80.0,Lithium-ion,384,770,178,385,3.5,205,CCS,1800,480,5,AWD,JC - Medium,4695,1890,1545,SUV,https://ev-database.org/car/3079/Kia-EV6-GT
Kia,EV6 Long Range 2WD,185,80.0,Lithium-ion,384,350,143,455,7.3,205,CCS,1800,490,5,RWD,JC - Medium,4695,1880,1575,SUV,https://ev-database.org/car/3028/Kia-EV6-Long-Range-2WD
Kia,EV6 Long Range AWD,185,80.0,Lithium-ion,384,605,154,440,5.2,205,CCS,1800,490,5,AWD,JC - Medium,4695,1880,1575,SUV,https://ev-database.org/car/3029/Kia-EV6-Long-Range-AWD
Kia,EV6 Standard Range 2WD,185,60.0,Lithium-ion,288,350,140,345,8.7,150,CCS,750,490,5,RWD,JC - Medium,4695,1880,1575,SUV,https://ev-database.org/car/3030/Kia-EV6-Standard-Range-2WD
Kia,EV9 76.1 kWh RWD,190,73.0,Lithium-ion,348,350,165,355,8.5,160,CCS,900,333,7,RWD,JF - Luxury,5010,1980,1755,SUV,https://ev-database.org/car/1833/Kia-EV9-761-kWh-RWD
Kia,EV9 99.8 kWh AWD,200,96.0,Lithium-ion,456,600,188,435,6.0,194,CCS,2500,333,7,AWD,JF - Luxury,5010,1980,1755,SUV,https://ev-database.org/car/1835/Kia-EV9-998-kWh-AWD
Kia,EV9 99.8 kWh AWD GT,220,96.0,Lithium-ion,456,740,190,420,4.6,194,CCS,2500,333,7,AWD,JF - Luxury,5015,1980,1755,SUV,https://ev-database.org/car/3196/Kia-EV9-998-kWh-AWD-GT
Kia,EV9 99.8 kWh AWD GT-Line,200,96.0,Lithium-ion,456,700,190,425,5.3,194,CCS,2500,333,7,AWD,JF - Luxury,5015,1980,1780,SUV,https://ev-database.org/car/1993/Kia-EV9-998-kWh-AWD-GT-Line
Kia,EV9 99.8 kWh RWD,185,96.0,Lithium-ion,456,350,171,450,9.4,194,CCS,900,333,7,RWD,JF - Luxury,5010,1980,1755,SUV,https://ev-database.org/car/1834/Kia-EV9-998-kWh-RWD
Kia,Niro EV,167,64.8,Lithium-ion,96,255,140,385,7.8,70,CCS,750,475,5,FWD,JC - Medium,4420,1825,1570,SUV,https://ev-database.org/car/1666/Kia-Niro-EV